{
  "left": {
    "fx": 174.95055389404297,
    "fy": 174.60951967592592,
    "cx": 228.0,
    "cy": 128.0,
    "disto": [
      0.0,
      0.0,
      0.0,
      0.0,
      0.0,
      0.0,
      0.0,
      0.0,
      0.0,
      0.0,
      0.0,
      0.0
    ],
    "v_fov": 72.48762290703615,
    "h_fov": 104.99999979917611,
    "d_fov": 112.47891108679944
  },
  "right": {
    "fx": 174.95055389404297,
    "fy": 174.60951967592592,
    "cx": 228.0,
    "cy": 128.0,
    "disto": [
      0.0,
      0.0,
      0.0,
      0.0,
      0.0,
      0.0,
      0.0,
      0.0,
      0.0,
      0.0,
      0.0,
      0.0
    ],
    "v_fov": 72.48762290703615,
    "h_fov": 104.99999979917611,
    "d_fov": 112.47891108679944
  }
}